Puesto,Empresa,Puntuación empresa,Ubicación,Estado postulación,Fecha,Candidatos,URL aviso
Operario  para control de calidad,,,,Proceso finalizado,Más de 30 días,+ 100 candidatos postulados,https://ar.computrabajo.com/ofertas-de-trabajo/oferta-de-trabajo-de-operario-para-control-de-calidad-en-la-plata-70D43DE9669D6A4361373E686DCF3405
Operario de Playa y Servicompras (req187716) Eventual,,,,Proceso finalizado,Más de 30 días,+ 100 candidatos postulados,https://ar.computrabajo.com/ofertas-de-trabajo/oferta-de-trabajo-de-operario-de-playa-y-servicompras-req187716-eventual-en-la-plata-40B84D254A4C9D3D61373E686DCF3405
Operario de deposito,,,,CV Visto,Más de 30 días,+ 100 candidatos postulados,https://ar.computrabajo.com/ofertas-de-trabajo/oferta-de-trabajo-de-operario-de-deposito-en-la-plata-080F17786F8C87F561373E686DCF3405
Armadores de Pedidos/Operarios de Picking,,,,Postulado,Más de 30 días,+ 100 candidatos postulados,https://ar.computrabajo.com/ofertas-de-trabajo/oferta-de-trabajo-de-armadores-de-pedidosoperarios-de-picking-la-plata-en-la-plata-2D458422EB47223F61373E686DCF3405
Personal Carga y Descarga,Grupo Gestión,"4,1","La Plata, Buenos Aires",Postulado,Más de 30 días,+ 100 candidatos postulados,https://ar.computrabajo.com/ofertas-de-trabajo/oferta-de-trabajo-de-personal-carga-y-descarga-la-plata-en-la-plata-94117574E536332B61373E686DCF3405
Personal de limpieza,,,,Postulado,Más de 30 días,+ 100 candidatos postulados,https://ar.computrabajo.com/ofertas-de-trabajo/oferta-de-trabajo-de-personal-de-limpieza-zona-la-plata-en-la-plata-B9AA2F1CA973758B61373E686DCF3405
Operario Calificado (La Plata),,,,No seleccionado,Más de 30 días,+ 100 candidatos postulados,https://ar.computrabajo.com/ofertas-de-trabajo/oferta-de-trabajo-de-operario-calificado-la-plata-la-plata-en-la-plata-DA1039F33F5334CA61373E686DCF3405
Administrativo,,,,Postulado,Más de 30 días,+ 100 candidatos postulados,https://ar.computrabajo.com/ofertas-de-trabajo/oferta-de-trabajo-de-administrativo-de-obra-en-boca-C8E5EF344504EF1061373E686DCF3405
Administrativa De Ventas,,,,Postulado,Más de 30 días,+ 100 candidatos postulados,https://ar.computrabajo.com/ofertas-de-trabajo/oferta-de-trabajo-de-administrativa-de-ventas-con-experiencias-comprobable-en-empresas-del-rubro-en-la-plata-52E860A2FDBAF5B361373E686DCF3405
Administrativo/a de Compras y Logística,,,,Postulado,Más de 30 días,+ 100 candidatos postulados,https://ar.computrabajo.com/ofertas-de-trabajo/oferta-de-trabajo-de-administrativoa-de-compras-y-logistica-en-la-plata-3E2666ADA20DD07061373E686DCF3405
Personal de limpieza,,,,Postulado,Más de 30 días,+ 100 candidatos postulados,https://ar.computrabajo.com/ofertas-de-trabajo/oferta-de-trabajo-de-personal-de-limpieza-media-jornada-en-la-plata-1902C5FEAFFF091561373E686DCF3405
Responsable de limpieza,,,,Postulado,Más de 30 días,+ 100 candidatos postulados,https://ar.computrabajo.com/ofertas-de-trabajo/oferta-de-trabajo-de-responsable-de-limpieza-la-plata-en-la-plata-3587D163E958EAF361373E686DCF3405
Operario Técnico Producción La plata,,,,Postulado,Más de 30 días,+ 100 candidatos postulados,https://ar.computrabajo.com/ofertas-de-trabajo/oferta-de-trabajo-de-operario-tecnico-produccion-la-plata-en-la-plata-EEF8FC4E976AAA5761373E686DCF3405
Despacher,,,,Postulado,Más de 30 días,+ 100 candidatos postulados,https://ar.computrabajo.com/ofertas-de-trabajo/oferta-de-trabajo-de-despacher-empresa-de-telecomunicaciones-zona-la-plata-en-la-plata-D6CF5F7351EEBE5661373E686DCF3405
Operario Calificado (Abasto),,,,Postulado,Más de 30 días,+ 100 candidatos postulados,https://ar.computrabajo.com/ofertas-de-trabajo/oferta-de-trabajo-de-operario-calificado-abasto-la-plata-en-la-plata-4438FBAFA69265DB61373E686DCF3405
Vendedor/Atención/Cajero turno Noche,,,,En proceso,Más de 30 días,+ 100 candidatos postulados,https://ar.computrabajo.com/ofertas-de-trabajo/oferta-de-trabajo-de-vendedoratencioncajero-turno-noche-en-belgrano-F157188C6E599A3061373E686DCF3405
Vendedor/Atención/Cajero turno Dia,,,,En proceso,Más de 30 días,+ 100 candidatos postulados,https://ar.computrabajo.com/ofertas-de-trabajo/oferta-de-trabajo-de-vendedoratencioncajero-turno-dia-en-belgrano-476F31ADF2F43B4E61373E686DCF3405
Vendedor/a Polivalente CABA y GBA,,,,En proceso,Más de 30 días,+ 100 candidatos postulados,https://ar.computrabajo.com/ofertas-de-trabajo/oferta-de-trabajo-de-vendedora-polivalente-caba-y-gba-en-san-nicolas-8C7BF051A330B36761373E686DCF3405
Jardineros Caba,,,,Proceso finalizado,Más de 30 días,+ 100 candidatos postulados,https://ar.computrabajo.com/ofertas-de-trabajo/oferta-de-trabajo-de-jardineros-caba-caba-en-barracas-2C7A8558FDBCBEB461373E686DCF3405
Auxiliar de Lavandería para Hotel,,,,Postulado,Más de 30 días,+ 100 candidatos postulados,https://ar.computrabajo.com/ofertas-de-trabajo/oferta-de-trabajo-de-auxiliar-de-lavanderia-para-hotel-en-retiro-9BF1D11DA6414EC661373E686DCF3405
Operarias/os de producción zona Barracas,,,,Postulado,Más de 30 días,+ 100 candidatos postulados,https://ar.computrabajo.com/ofertas-de-trabajo/oferta-de-trabajo-de-operariasos-de-produccion-zona-barracas-en-barracas-4499A03D1668C49261373E686DCF3405
Operarios/as alimenticios/as zona Barracas,,,,Postulado,Más de 30 días,+ 100 candidatos postulados,https://ar.computrabajo.com/ofertas-de-trabajo/oferta-de-trabajo-de-operariosas-alimenticiosas-zona-barracas-en-barracas-59E419A6A609342861373E686DCF3405
Staff Platform Engineer Latam,,,,Postulado,Más de 30 días,+ 100 candidatos postulados,https://ar.computrabajo.com/ofertas-de-trabajo/oferta-de-trabajo-de-staff-platform-engineer-latam-en-san-nicolas-3812CD57182F9B0061373E686DCF3405
administrative assistant,DEL PLATA OBRAS SA,,"Caballito, Capital Federal",Postulado,Más de 30 días,+ 100 candidatos postulados,https://ar.computrabajo.com/ofertas-de-trabajo/oferta-de-trabajo-de-administrative-assistant-jornada-completa-en-caballito-A9568AF0BF5BAE3E61373E686DCF3405
repositor/a,GRUPO MANASOTA S.R.L.,,"La Plata, Buenos Aires",Postulado,Más de 30 días,+ 100 candidatos postulados,https://ar.computrabajo.com/ofertas-de-trabajo/oferta-de-trabajo-de-repositora-con-experiencia-en-el-puesto-en-la-plata-402FFFF8E9E5DBF061373E686DCF3405
Mesa de Ayuda/Help Desk/Service Desk IT SSR CABA / Zona Portuaria / Presencial / L a V 8 a 18hs,,,,Postulado,Más de 30 días,+ 100 candidatos postulados,https://ar.computrabajo.com/ofertas-de-trabajo/oferta-de-trabajo-de-mesa-de-ayudahelp-deskservice-desk-it-ssr-caba-zona-portuaria-presencial-l-a-v-8-a-18hs-en-retiro-6F2DBCA38A9603BC61373E686DCF3405
Mesa de ayuda de sistemas CABA,,,,Proceso finalizado,Más de 30 días,+ 100 candidatos postulados,https://ar.computrabajo.com/ofertas-de-trabajo/oferta-de-trabajo-de-mesa-de-ayuda-de-sistemas-caba-microcentro-en-san-cristobal-DB5BB5A8A38329E461373E686DCF3405
Coordinador de Mesa de Ayuda IT,,,,Postulado,Más de 30 días,+ 100 candidatos postulados,https://ar.computrabajo.com/ofertas-de-trabajo/oferta-de-trabajo-de-coordinador-de-mesa-de-ayuda-it-caba-hibrido-en-retiro-D23716A14EE6380C61373E686DCF3405
Operarios/as de depósito (empresa líder),,,,Postulado,Más de 30 días,+ 100 candidatos postulados,https://ar.computrabajo.com/ofertas-de-trabajo/oferta-de-trabajo-de-operariosas-de-deposito-empresa-lider-en-villa-soldati-4D450E741C708CB661373E686DCF3405
encargado/a de depósito,ESTUDIO CONTABLE LP,,"La Plata, Buenos Aires",Postulado,Más de 30 días,+ 100 candidatos postulados,https://ar.computrabajo.com/ofertas-de-trabajo/oferta-de-trabajo-de-encargadoa-de-deposito-encargadoa-de-deposito-y-logistica-en-la-plata-390D4F1B0458F71161373E686DCF3405
operador telemarketing,,,,Postulado,Más de 30 días,+ 100 candidatos postulados,https://ar.computrabajo.com/ofertas-de-trabajo/oferta-de-trabajo-de-operador-telemarketing-desde-el-domicilio-en-san-martin-5BEF360D735250D461373E686DCF3405
Operario/a de Depósito (Armado de Pedidos),,,,Postulado,Más de 30 días,+ 100 candidatos postulados,https://ar.computrabajo.com/ofertas-de-trabajo/oferta-de-trabajo-de-operarioa-de-deposito-armado-de-pedidos-en-la-plata-2F354CD5CE59B25561373E686DCF3405
"Operarios/as metalúrgicos/as sector extrusión. Zona Abasto, La Plata.",,,,Postulado,Más de 30 días,+ 100 candidatos postulados,https://ar.computrabajo.com/ofertas-de-trabajo/oferta-de-trabajo-de-operariosas-metalurgicosas-sector-extrusion-zona-abasto-la-plata-en-la-plata-7C05F1A23CC10C8A61373E686DCF3405
Analista de datos,,,,Proceso finalizado,Más de 30 días,+ 100 candidatos postulados,https://ar.computrabajo.com/ofertas-de-trabajo/oferta-de-trabajo-de-analista-de-datos-call-center-en-monserrat-6FA802A1F27253F461373E686DCF3405
Vendedor/a Telefónico/a Call Center,,,,Postulado,Más de 30 días,+ 100 candidatos postulados,https://ar.computrabajo.com/ofertas-de-trabajo/oferta-de-trabajo-de-vendedora-telefonicoa-call-center-part-time-ingreso-inmediato-en-parque-patricios-DC22BF9B17794FE461373E686DCF3405
Asistente de Administración,,,,Postulado,Más de 30 días,+ 100 candidatos postulados,https://ar.computrabajo.com/ofertas-de-trabajo/oferta-de-trabajo-de-asistente-de-administracion-capital-federal-bs-as-en-puerto-madero-AFC6585E68295C7F61373E686DCF3405
Administrativo/a Back Office,,,,Proceso finalizado,Más de 30 días,+ 100 candidatos postulados,https://ar.computrabajo.com/ofertas-de-trabajo/oferta-de-trabajo-de-administrativoa-back-office-y-gestion-administrativa-en-monserrat-BA7078597E7D244861373E686DCF3405
Administrativo comercial,,,,CV Visto,Más de 30 días,+ 100 candidatos postulados,https://ar.computrabajo.com/ofertas-de-trabajo/oferta-de-trabajo-de-administrativo-comercial-mostrador-en-caballito-42A9FB57F1B35A4D61373E686DCF3405
Administrativa/o de Facturación – CABA,,,,Postulado,Más de 30 días,+ 100 candidatos postulados,https://ar.computrabajo.com/ofertas-de-trabajo/oferta-de-trabajo-de-administrativao-de-facturacion-caba-en-villa-crespo-18181CA94F984A9861373E686DCF3405
Administrativo/a de Plan de Ahorro,,,,Postulado,Más de 30 días,+ 100 candidatos postulados,https://ar.computrabajo.com/ofertas-de-trabajo/oferta-de-trabajo-de-administrativoa-de-plan-de-ahorro-con-experiencia-en-constitucion-BF7166C3EB8BF94761373E686DCF3405
"Att al Cliente Administrativo Conocimientos Comex / Híbrido / Centro, CABA Ref: 21048",,,,CV Visto,Más de 30 días,+ 100 candidatos postulados,https://ar.computrabajo.com/ofertas-de-trabajo/oferta-de-trabajo-de-att-al-cliente-administrativo-conocimientos-comex-hibrido-centro-caba-ref-21048-adn-recursos-humanos-en-san-cristobal-44B1228EB16D076D61373E686DCF3405
Ref. 20427: Soporte Técnico Help Desk,,,,Postulado,Más de 30 días,+ 100 candidatos postulados,https://ar.computrabajo.com/ofertas-de-trabajo/oferta-de-trabajo-de-ref-20427-soporte-tecnico-help-desk-parque-patricios-caba-en-parque-patricios-0ECB0F153571273761373E686DCF3405
analista soporte técnico help desk,,,,Postulado,Más de 30 días,+ 100 candidatos postulados,https://ar.computrabajo.com/ofertas-de-trabajo/oferta-de-trabajo-de-tecnico-informatico-help-desk-en-balvanera-A98FA198872BE9AE61373E686DCF3405
Soporte Tecnico Nivel 1,,,,Postulado,Más de 30 días,+ 100 candidatos postulados,https://ar.computrabajo.com/ofertas-de-trabajo/oferta-de-trabajo-de-soporte-tecnico-nivel-1-en-retiro-C01B7DEE6C3BA08461373E686DCF3405
Ref. 20927 Soporte Técnico IT,,,,Proceso finalizado,Más de 30 días,+ 100 candidatos postulados,https://ar.computrabajo.com/ofertas-de-trabajo/oferta-de-trabajo-de-ref-20927-soporte-tecnico-it-balvanera-caba-en-balvanera-6841BF991567BCDA61373E686DCF3405
Asistente de Administración,,,,Postulado,Más de 30 días,+ 100 candidatos postulados,https://ar.computrabajo.com/ofertas-de-trabajo/oferta-de-trabajo-de-asistente-de-administracion-capital-federal-bs-as-en-puerto-madero-AFC6585E68295C7F61373E686DCF3405
Administrativo/a Back Office,,,,Proceso finalizado,Más de 30 días,+ 100 candidatos postulados,https://ar.computrabajo.com/ofertas-de-trabajo/oferta-de-trabajo-de-administrativoa-back-office-y-gestion-administrativa-en-monserrat-BA7078597E7D244861373E686DCF3405
Administrativo comercial,,,,CV Visto,Más de 30 días,+ 100 candidatos postulados,https://ar.computrabajo.com/ofertas-de-trabajo/oferta-de-trabajo-de-administrativo-comercial-mostrador-en-caballito-42A9FB57F1B35A4D61373E686DCF3405
Administrativa/o de Facturación – CABA,,,,Postulado,Más de 30 días,+ 100 candidatos postulados,https://ar.computrabajo.com/ofertas-de-trabajo/oferta-de-trabajo-de-administrativao-de-facturacion-caba-en-villa-crespo-18181CA94F984A9861373E686DCF3405
Administrativo/a de Plan de Ahorro,,,,Postulado,Más de 30 días,+ 100 candidatos postulados,https://ar.computrabajo.com/ofertas-de-trabajo/oferta-de-trabajo-de-administrativoa-de-plan-de-ahorro-con-experiencia-en-constitucion-BF7166C3EB8BF94761373E686DCF3405
"Att al Cliente Administrativo Conocimientos Comex / Híbrido / Centro, CABA Ref: 21048",,,,CV Visto,Más de 30 días,+ 100 candidatos postulados,https://ar.computrabajo.com/ofertas-de-trabajo/oferta-de-trabajo-de-att-al-cliente-administrativo-conocimientos-comex-hibrido-centro-caba-ref-21048-adn-recursos-humanos-en-san-cristobal-44B1228EB16D076D61373E686DCF3405
Ref. 20427: Soporte Técnico Help Desk,,,,Postulado,Más de 30 días,+ 100 candidatos postulados,https://ar.computrabajo.com/ofertas-de-trabajo/oferta-de-trabajo-de-ref-20427-soporte-tecnico-help-desk-parque-patricios-caba-en-parque-patricios-0ECB0F153571273761373E686DCF3405
analista soporte técnico help desk,,,,Postulado,Más de 30 días,+ 100 candidatos postulados,https://ar.computrabajo.com/ofertas-de-trabajo/oferta-de-trabajo-de-tecnico-informatico-help-desk-en-balvanera-A98FA198872BE9AE61373E686DCF3405
Soporte Tecnico Nivel 1,,,,Postulado,Más de 30 días,+ 100 candidatos postulados,https://ar.computrabajo.com/ofertas-de-trabajo/oferta-de-trabajo-de-soporte-tecnico-nivel-1-en-retiro-C01B7DEE6C3BA08461373E686DCF3405
Ref. 20927 Soporte Técnico IT,,,,Proceso finalizado,Más de 30 días,+ 100 candidatos postulados,https://ar.computrabajo.com/ofertas-de-trabajo/oferta-de-trabajo-de-ref-20927-soporte-tecnico-it-balvanera-caba-en-balvanera-6841BF991567BCDA61373E686DCF3405
Operario de Deposito,,,,Postulado,Más de 30 días,+ 100 candidatos postulados,https://ar.computrabajo.com/ofertas-de-trabajo/oferta-de-trabajo-de-operario-de-deposito-en-villa-crespo-E0339F969653CC8761373E686DCF3405
Operario de deposito de producto terminado,Grupo Servicemen,"4,0","Almagro, Capital Federal",Postulado,Más de 30 días,+ 100 candidatos postulados,https://ar.computrabajo.com/ofertas-de-trabajo/oferta-de-trabajo-de-operario-de-deposito-de-producto-terminado-zona-almagro-reemplazo-vacaciones-en-almagro-679274B8EEE9664D61373E686DCF3405
Telemarketer,LOPEZ FERNANDO DIEGO,,"Monserrat, Capital Federal",Postulado,Más de 30 días,+ 100 candidatos postulados,https://ar.computrabajo.com/ofertas-de-trabajo/oferta-de-trabajo-de-telemarketer-venta-de-seguros-manana-6hs-presencial-en-monserrat-E366A70EB170D27C61373E686DCF3405
Asesor/a call center,,,,CV Visto,Más de 30 días,+ 100 candidatos postulados,https://ar.computrabajo.com/ofertas-de-trabajo/oferta-de-trabajo-de-asesora-call-center-venta-de-seguros-en-retiro-CE54687160B18BFE61373E686DCF3405
Operador de Ventas Telefónicas / Call Center,,,,Postulado,Más de 30 días,+ 100 candidatos postulados,https://ar.computrabajo.com/ofertas-de-trabajo/oferta-de-trabajo-de-operador-de-ventas-telefonicas-call-center-en-monserrat-7B206A2E1228E13661373E686DCF3405
Asesor Telefónico de Servicio Técnico,,,,Postulado,Más de 30 días,+ 100 candidatos postulados,https://ar.computrabajo.com/ofertas-de-trabajo/oferta-de-trabajo-de-asesor-telefonico-de-servicio-tecnico-call-center-remoto-en-monserrat-158D5E5C6C2CD67C61373E686DCF3405
Administrativo/a,,,,Postulado,Más de 30 días,+ 100 candidatos postulados,https://ar.computrabajo.com/ofertas-de-trabajo/oferta-de-trabajo-de-administrativoa-con-experiencia-en-palermo-2CD88D2E0797E31E61373E686DCF3405
administrativo contable,JOBU S.A.,,"Palermo, Capital Federal",Postulado,Más de 30 días,+ 100 candidatos postulados,https://ar.computrabajo.com/ofertas-de-trabajo/oferta-de-trabajo-de-administrativo-contable-estudiante-de-ciencias-economicas-en-palermo-6EF80B509FE9FB8861373E686DCF3405
Administrativo/a de Facturación en CABA,,,,Proceso finalizado,Más de 30 días,+ 100 candidatos postulados,https://ar.computrabajo.com/ofertas-de-trabajo/oferta-de-trabajo-de-administrativoa-de-facturacion-en-caba-en-san-telmo-08073E2E29A2E0C861373E686DCF3405
Referente Administrativo de Atención al Paciente,,,,CV Visto,Más de 30 días,+ 100 candidatos postulados,https://ar.computrabajo.com/ofertas-de-trabajo/oferta-de-trabajo-de-referente-administrativo-de-atencion-al-paciente-en-belgrano-E9467429D8D456BF61373E686DCF3405
Asistente de Administracion Junior,MATTI JUAN JOSE,,"Monserrat, Capital Federal",Postulado,Más de 30 días,+ 100 candidatos postulados,https://ar.computrabajo.com/ofertas-de-trabajo/oferta-de-trabajo-de-asistente-de-administracion-junior-en-monserrat-127B3DE553AB181761373E686DCF3405
Cajeros/as,,,,Postulado,Más de 30 días,+ 100 candidatos postulados,https://ar.computrabajo.com/ofertas-de-trabajo/oferta-de-trabajo-de-cajerosas-en-retiro-7C9861F019CBC60E61373E686DCF3405
Auxiliar Administrativo de Deposito,,,,Postulado,Más de 30 días,+ 100 candidatos postulados,https://ar.computrabajo.com/ofertas-de-trabajo/oferta-de-trabajo-de-auxiliar-administrativo-de-deposito-en-la-plata-DD6959BD33E19D4061373E686DCF3405
Operario de deposito,,,,Postulado,Más de 30 días,+ 100 candidatos postulados,https://ar.computrabajo.com/ofertas-de-trabajo/oferta-de-trabajo-de-operario-de-deposito-en-vicente-lopez-A49D1B52ED34EB1A61373E686DCF3405
Operario de deposito x Convocatoria,,,,Postulado,Más de 30 días,+ 100 candidatos postulados,https://ar.computrabajo.com/ofertas-de-trabajo/oferta-de-trabajo-de-operario-de-deposito-x-convocatoria-mataderos-en-villa-lugano-6D6305DAD1C3D8B361373E686DCF3405
atención al cliente,,,,Proceso finalizado,Más de 30 días,+ 100 candidatos postulados,https://ar.computrabajo.com/ofertas-de-trabajo/oferta-de-trabajo-de-atencion-al-cliente-eventuales-en-palermo-749B1B6E9C0ECD3A61373E686DCF3405
Acompañantes de Chofer zona La Plata,,,,Postulado,Más de 30 días,+ 100 candidatos postulados,https://ar.computrabajo.com/ofertas-de-trabajo/oferta-de-trabajo-de-acompanantes-de-chofer-zona-la-plata-en-la-plata-DBD96CC848EE306D61373E686DCF3405
Operario de Deposito,,,,Postulado,Más de 30 días,+ 100 candidatos postulados,https://ar.computrabajo.com/ofertas-de-trabajo/oferta-de-trabajo-de-operario-de-deposito-eventual-por-convocatoria-en-villa-crespo-060B2880E226FCEE61373E686DCF3405
Operario de Deposito,,,,Postulado,Más de 30 días,+ 100 candidatos postulados,https://ar.computrabajo.com/ofertas-de-trabajo/oferta-de-trabajo-de-operario-de-deposito-en-agronomia-9CE6F3A05FA62C5461373E686DCF3405
Operario de Depósito,,,,Postulado,Más de 30 días,+ 100 candidatos postulados,https://ar.computrabajo.com/ofertas-de-trabajo/oferta-de-trabajo-de-operario-de-deposito-en-almagro-ADCC8819EE617D5F61373E686DCF3405
administrativo especializado,,,,Proceso finalizado,Más de 30 días,+ 100 candidatos postulados,https://ar.computrabajo.com/ofertas-de-trabajo/oferta-de-trabajo-de-administrativo-especializado-rubro-salud-en-la-plata-49445C70E9398E0F61373E686DCF3405
Administrativo/a de autorizaciones médicas,,,,Postulado,Más de 30 días,+ 100 candidatos postulados,https://ar.computrabajo.com/ofertas-de-trabajo/oferta-de-trabajo-de-administrativoa-de-autorizaciones-medicas-en-recoleta-05F8ECB72D6C81AA61373E686DCF3405
Back office eventual /Zona Retiro (CABA),,,,Postulado,Más de 30 días,+ 100 candidatos postulados,https://ar.computrabajo.com/ofertas-de-trabajo/oferta-de-trabajo-de-back-office-eventual-zona-retiro-caba-en-retiro-9FD4BD8A23704B5361373E686DCF3405
Operarios con experiencia industria Alimenticia,,,,Postulado,Más de 30 días,+ 100 candidatos postulados,https://ar.computrabajo.com/ofertas-de-trabajo/oferta-de-trabajo-de-operarios-con-experiencia-industria-alimenticia-en-nueva-pompeya-C8E0B8510363C97761373E686DCF3405
Operarios de Produccion Industria Alimenticia / CABA o aledaños (req185148) Eventual,,,,Postulado,Más de 30 días,+ 100 candidatos postulados,https://ar.computrabajo.com/ofertas-de-trabajo/oferta-de-trabajo-de-operarios-de-produccion-industria-alimenticia-caba-o-aledanos-req185148-eventual-en-villa-soldati-3F4845A45D9FD20061373E686DCF3405
Operaria/o de producción (Eventual) Constitución req183603,,,,Postulado,Más de 30 días,+ 100 candidatos postulados,https://ar.computrabajo.com/ofertas-de-trabajo/oferta-de-trabajo-de-operariao-de-produccion-eventual-constitucion-req183603-en-constitucion-A469A808305BB5EF61373E686DCF3405
1320CC / Operador de reservas para Turismo Receptivo / Caba / Hibrido,,,,Postulado,Más de 30 días,+ 100 candidatos postulados,https://ar.computrabajo.com/ofertas-de-trabajo/oferta-de-trabajo-de-1320cc-operador-de-reservas-para-turismo-receptivo-caba-hibrido-en-retiro-D09E3862B585212461373E686DCF3405
Operarios de depósito,,,,Postulado,Más de 30 días,+ 100 candidatos postulados,https://ar.computrabajo.com/ofertas-de-trabajo/oferta-de-trabajo-de-operarios-de-deposito-en-recoleta-80D1FD8875BA12BC61373E686DCF3405
"Operarios/as de producción, industria gráfica",,,,Postulado,Más de 30 días,+ 100 candidatos postulados,https://ar.computrabajo.com/ofertas-de-trabajo/oferta-de-trabajo-de-operariosas-de-produccion-industria-grafica-en-barracas-F1413DD5574EB53D61373E686DCF3405
Vendedores Comerciales de Calle (La Plata) req199238,,,,Proceso finalizado,Más de 30 días,+ 100 candidatos postulados,https://ar.computrabajo.com/ofertas-de-trabajo/oferta-de-trabajo-de-vendedores-comerciales-de-calle-la-plata-req199238-en-la-plata-81E4DC92473B8BAC61373E686DCF3405
Operario Deposito de Ropa,,,,Proceso finalizado,Más de 30 días,+ 100 candidatos postulados,https://ar.computrabajo.com/ofertas-de-trabajo/oferta-de-trabajo-de-operario-deposito-de-ropa-full-time-expericia-zonas-flores-y-munro-en-flores-B4F70B81937094B161373E686DCF3405
Operario de produccion,,,,Postulado,Más de 30 días,+ 100 candidatos postulados,https://ar.computrabajo.com/ofertas-de-trabajo/oferta-de-trabajo-de-operario-de-produccion-en-almagro-9FB7F57505E45C1561373E686DCF3405
Operarios de depósito para Laboratorio  Zona Villa Lugano,,,,Postulado,Más de 30 días,+ 100 candidatos postulados,https://ar.computrabajo.com/ofertas-de-trabajo/oferta-de-trabajo-de-operarios-de-deposito-para-laboratorio-zona-villa-lugano-zona-mataderos-en-mataderos-6B17B3DEF14970AF61373E686DCF3405
Operario de Expedición,,,,Postulado,Más de 30 días,+ 100 candidatos postulados,https://ar.computrabajo.com/ofertas-de-trabajo/oferta-de-trabajo-de-operario-de-expedicion-en-recoleta-EE49AB3E08D7D00461373E686DCF3405
"Operario de deposito Eventual, zona Barraca",,,,Postulado,Más de 30 días,+ 100 candidatos postulados,https://ar.computrabajo.com/ofertas-de-trabajo/oferta-de-trabajo-de-operario-de-deposito-eventual-zona-barraca-administrativo-de-produccion-en-barracas-BA55012D72C2675D61373E686DCF3405
Operario de Deposito,,,,Postulado,Más de 30 días,+ 100 candidatos postulados,https://ar.computrabajo.com/ofertas-de-trabajo/oferta-de-trabajo-de-operario-de-deposito-parque-patricios-en-parque-patricios-62E38203BE843BC561373E686DCF3405
Administrativo Jr,,,,Postulado,Más de 30 días,+ 100 candidatos postulados,https://ar.computrabajo.com/ofertas-de-trabajo/oferta-de-trabajo-de-administrativo-jr-1-mes-en-retiro-EB1125A53F44547161373E686DCF3405
"Urgente! operarios de deposito por convocatoria, CABA",,,,Postulado,Más de 30 días,+ 100 candidatos postulados,https://ar.computrabajo.com/ofertas-de-trabajo/oferta-de-trabajo-de-urgente-operarios-de-deposito-por-convocatoria-caba-en-parque-patricios-9D49B7FCF67DEDA361373E686DCF3405
Implementador software gestión,,,,Postulado,Más de 30 días,+ 100 candidatos postulados,https://ar.computrabajo.com/ofertas-de-trabajo/oferta-de-trabajo-de-implementador-software-gestion-data-entry-en-rafaela-ADA1AD77C248F83B61373E686DCF3405
Búsqueda Part Time / Data Entry,,,,Postulado,Más de 30 días,+ 100 candidatos postulados,https://ar.computrabajo.com/ofertas-de-trabajo/oferta-de-trabajo-de-busqueda-part-time-data-entry-proyecto-de-implementacion-en-colegiales-3F91395E968BB04261373E686DCF3405
Operario de carga y descarga en Pompeya,,,,Postulado,Más de 30 días,+ 100 candidatos postulados,https://ar.computrabajo.com/ofertas-de-trabajo/oferta-de-trabajo-de-operario-de-carga-y-descarga-en-pompeya-en-nueva-pompeya-400B1DEDA2279DEF61373E686DCF3405
Operario,,,,Postulado,Más de 30 días,+ 100 candidatos postulados,https://ar.computrabajo.com/ofertas-de-trabajo/oferta-de-trabajo-de-operario-en-nueva-pompeya-D31CD0E8DE6B218961373E686DCF3405
operario/a,,,,CV Visto,Más de 30 días,+ 100 candidatos postulados,https://ar.computrabajo.com/ofertas-de-trabajo/oferta-de-trabajo-de-operarioa-operario-de-tareas-generales-en-parque-chacabuco-6C2530FCF1A9369D61373E686DCF3405
operario/a de depósito,,,,Postulado,Más de 30 días,+ 100 candidatos postulados,https://ar.computrabajo.com/ofertas-de-trabajo/oferta-de-trabajo-de-operarioa-de-deposito-full-time-con-experiencia-en-villa-luro-0D0A9DCF579B63F761373E686DCF3405
operarios/as para el sector de bodega y despacho zona Caba,,,,Postulado,Más de 30 días,+ 100 candidatos postulados,https://ar.computrabajo.com/ofertas-de-trabajo/oferta-de-trabajo-de-operariosas-para-el-sector-de-bodega-y-despacho-zona-caba-en-puerto-madero-1742014FE85FBB0461373E686DCF3405
operario de depósito,,,,Postulado,Más de 30 días,+ 100 candidatos postulados,https://ar.computrabajo.com/ofertas-de-trabajo/oferta-de-trabajo-de-operario-de-deposito-en-villa-lugano-5799E06C955B0EC061373E686DCF3405
Operario de depósito,,,,Postulado,Más de 30 días,+ 100 candidatos postulados,https://ar.computrabajo.com/ofertas-de-trabajo/oferta-de-trabajo-de-operario-de-deposito-en-villa-lugano-5C645C6E71DB2FB661373E686DCF3405
Operarios/as de Depósito,,,,Postulado,Más de 30 días,+ 100 candidatos postulados,https://ar.computrabajo.com/ofertas-de-trabajo/oferta-de-trabajo-de-operariosas-de-deposito-caba-retiro-zona-portuaria-en-retiro-E56BFDBF3F7DEF4761373E686DCF3405
operario/a,,,,Postulado,Más de 30 días,+ 100 candidatos postulados,https://ar.computrabajo.com/ofertas-de-trabajo/oferta-de-trabajo-de-operarioa-en-retiro-D2DBB167D7E7D2B061373E686DCF3405
operario/a de depósito,IUNUR SA,,"Belgrano, Capital Federal",Postulado,Más de 30 días,+ 100 candidatos postulados,https://ar.computrabajo.com/ofertas-de-trabajo/oferta-de-trabajo-de-operarioa-de-deposito-en-belgrano-B8AF4E92EC7EE29C61373E686DCF3405
Cadete Administrativo,GRYNBERG CARLOS MANUEL,,"Belgrano, Capital Federal",Postulado,Más de 30 días,+ 100 candidatos postulados,https://ar.computrabajo.com/ofertas-de-trabajo/oferta-de-trabajo-de-cadete-administrativo-estudio-contable-jornada-completa-en-belgrano-2C43930082C16DA161373E686DCF3405
Cadete Tareas Generales de Oficina,,,,Postulado,Más de 30 días,+ 100 candidatos postulados,https://ar.computrabajo.com/ofertas-de-trabajo/oferta-de-trabajo-de-cadete-tareas-generales-de-oficina-full-time-en-recoleta-C35D99B08CDF760661373E686DCF3405
Empleado de depósito,,,,CV Visto,Más de 30 días,+ 100 candidatos postulados,https://ar.computrabajo.com/ofertas-de-trabajo/oferta-de-trabajo-de-empleado-de-deposito-solo-caba-en-villa-crespo-E623BC548E7DFE5B61373E686DCF3405
Empleado de deposito,,,,Postulado,Más de 30 días,+ 100 candidatos postulados,https://ar.computrabajo.com/ofertas-de-trabajo/oferta-de-trabajo-de-empleado-de-deposito-con-experiencia-en-almagro-9B43751AAC4DCC2B61373E686DCF3405
Operario de deposito,,,,Postulado,Más de 30 días,+ 100 candidatos postulados,https://ar.computrabajo.com/ofertas-de-trabajo/oferta-de-trabajo-de-operario-de-deposito-en-saavedra-C11601C984F70BD961373E686DCF3405
Auxiliar de Deposito,,,,Postulado,Más de 30 días,+ 100 candidatos postulados,https://ar.computrabajo.com/ofertas-de-trabajo/oferta-de-trabajo-de-auxiliar-de-deposito-en-nueva-pompeya-5A600DB15914492161373E686DCF3405
operario/a de depósito,,,,Postulado,Más de 30 días,+ 100 candidatos postulados,https://ar.computrabajo.com/ofertas-de-trabajo/oferta-de-trabajo-de-operarioa-de-deposito-con-experiencia-en-san-cristobal-DC1E04A30C16F90861373E686DCF3405
Operario de Deposito,,,,Postulado,Más de 30 días,+ 100 candidatos postulados,https://ar.computrabajo.com/ofertas-de-trabajo/oferta-de-trabajo-de-operario-de-deposito-para-concesionario-mercedes-benz-en-mataderos-B37F911E6DE0A49161373E686DCF3405
"Operario de deposito, Eventual , Capital Federal",,,,Postulado,Más de 30 días,+ 100 candidatos postulados,https://ar.computrabajo.com/ofertas-de-trabajo/oferta-de-trabajo-de-operario-de-deposito-eventual-capital-federal-en-la-paternal-EACE065656AE656861373E686DCF3405
Operario de deposito eventual,,,,Postulado,Más de 30 días,+ 100 candidatos postulados,https://ar.computrabajo.com/ofertas-de-trabajo/oferta-de-trabajo-de-operario-de-deposito-eventual-seguridad-en-recepcion-en-retiro-1C2B618198FE1E9F61373E686DCF3405
Operario/a de Depósito (Armado de Pedidos),Randstad Argentina,"4,4","Barracas, Capital Federal",Postulado,Más de 30 días,+ 100 candidatos postulados,https://ar.computrabajo.com/ofertas-de-trabajo/oferta-de-trabajo-de-operarioa-de-deposito-armado-de-pedidos-en-barracas-8D2B09722019FE8E61373E686DCF3405
Operarios de deposito sin experiencia,,,,Proceso finalizado,Más de 30 días,+ 100 candidatos postulados,https://ar.computrabajo.com/ofertas-de-trabajo/oferta-de-trabajo-de-operarios-de-deposito-sin-experiencia-ingresos-inmediatos-en-barracas-AEE103DAEDFB7A9A61373E686DCF3405
Operarios de deposito,,,,Postulado,Más de 30 días,+ 100 candidatos postulados,https://ar.computrabajo.com/ofertas-de-trabajo/oferta-de-trabajo-de-operarios-de-deposito-ingresos-inmediatos-en-barracas-76023C91A64296C361373E686DCF3405
Operarios/as eventuales de Logistica/  Barracas (CABA),,,,Postulado,Más de 30 días,+ 100 candidatos postulados,https://ar.computrabajo.com/ofertas-de-trabajo/oferta-de-trabajo-de-operariosas-eventuales-de-logistica-barracas-caba-en-barracas-ED3DF602C90057CD61373E686DCF3405
Personal para Depósito,,,,Postulado,Más de 30 días,+ 100 candidatos postulados,https://ar.computrabajo.com/ofertas-de-trabajo/oferta-de-trabajo-de-personal-para-deposito-barracas-en-barracas-753B8DB2505EBE7261373E686DCF3405
Empleado de Depósito,IH CONSULTORA,,"Barracas, Capital Federal",Postulado,Más de 30 días,+ 100 candidatos postulados,https://ar.computrabajo.com/ofertas-de-trabajo/oferta-de-trabajo-de-empleado-de-deposito-zona-barracas-caba-en-barracas-C0029A3BA08488B861373E686DCF3405
Armador de pedidos/picker. Zona Caba,,,,Postulado,Más de 30 días,+ 100 candidatos postulados,https://ar.computrabajo.com/ofertas-de-trabajo/oferta-de-trabajo-de-armador-de-pedidospicker-zona-caba-zona-caba-en-belgrano-2117969AA223326561373E686DCF3405
Armador/a de Pedidos (Shopper) para E commerce,,,,Postulado,Más de 30 días,+ 100 candidatos postulados,https://ar.computrabajo.com/ofertas-de-trabajo/oferta-de-trabajo-de-armadora-de-pedidos-shopper-para-e-commerce-empresa-lider-en-belgrano-75A5FA73F4349E0661373E686DCF3405
Picker Part Time,,,,Postulado,Más de 30 días,+ 100 candidatos postulados,https://ar.computrabajo.com/ofertas-de-trabajo/oferta-de-trabajo-de-picker-part-time-en-palermo-716169215FE6BBF361373E686DCF3405
Cadete/Administrativo,,,,Postulado,Más de 30 días,+ 100 candidatos postulados,https://ar.computrabajo.com/ofertas-de-trabajo/oferta-de-trabajo-de-cadeteadministrativo--en-san-nicolas-881C329F34C3487B61373E686DCF3405
Operario/a de tareas generales. Zona Barracas,,,,Postulado,Más de 30 días,+ 100 candidatos postulados,https://ar.computrabajo.com/ofertas-de-trabajo/oferta-de-trabajo-de-operarioa-de-tareas-generales-zona-barracas-en-barracas-27AB61ACD734117D61373E686DCF3405
Operarios/as eventuales de Logistica/ Parque Patricios (CABA),,,,Postulado,Más de 30 días,+ 100 candidatos postulados,https://ar.computrabajo.com/ofertas-de-trabajo/oferta-de-trabajo-de-operariosas-eventuales-de-logistica-parque-patricios-caba-en-parque-patricios-D6B9AF8C19E827F861373E686DCF3405
Personal de Deposito,,,,Postulado,Más de 30 días,+ 100 candidatos postulados,https://ar.computrabajo.com/ofertas-de-trabajo/oferta-de-trabajo-de-personal-de-deposito-turno-noche-en-villa-riachuelo-76C4603C3ADBEE6961373E686DCF3405
operario/a,,,,Postulado,Más de 30 días,+ 100 candidatos postulados,https://ar.computrabajo.com/ofertas-de-trabajo/oferta-de-trabajo-de-operarioa-jornada-completa-en-floresta-AD31521C7443693961373E686DCF3405
operario/a,CASTILLO LEANDRO ALEJO,,"Floresta, Capital Federal",Postulado,Más de 30 días,+ 100 candidatos postulados,https://ar.computrabajo.com/ofertas-de-trabajo/oferta-de-trabajo-de-operarioa-jornada-completa-en-floresta-3FAF0B0947D19F2161373E686DCF3405
Operario de deposito,,,,CV Visto,Más de 30 días,+ 100 candidatos postulados,https://ar.computrabajo.com/ofertas-de-trabajo/oferta-de-trabajo-de-operario-de-deposito-en-san-cristobal-E9F526AAA65EC80161373E686DCF3405
Operario de deposito en Capital Federal (req204817 ) eventual,,,,Proceso finalizado,Más de 30 días,+ 100 candidatos postulados,https://ar.computrabajo.com/ofertas-de-trabajo/oferta-de-trabajo-de-operario-de-deposito-en-capital-federal-req204817-eventual-en-balvanera-4B9891F7522CCBD661373E686DCF3405
Operario/a de Depósito (Armado de Pedidos),,,,Postulado,Más de 30 días,+ 100 candidatos postulados,https://ar.computrabajo.com/ofertas-de-trabajo/oferta-de-trabajo-de-operarioa-de-deposito-armado-de-pedidos-en-liniers-DC933892439C149461373E686DCF3405
Operario/a de Depósito (Armado de Pedidos),,,,Postulado,Más de 30 días,+ 100 candidatos postulados,https://ar.computrabajo.com/ofertas-de-trabajo/oferta-de-trabajo-de-operarioa-de-deposito-armado-de-pedidos-en-monserrat-9E2FF03166F05CE961373E686DCF3405
Operario/a de Depósito (Armado de Pedidos),,,,Postulado,Más de 30 días,+ 100 candidatos postulados,https://ar.computrabajo.com/ofertas-de-trabajo/oferta-de-trabajo-de-operarioa-de-deposito-armado-de-pedidos-en-retiro-A1BF9D591E035E7661373E686DCF3405
Operarios de Carga y Descarga,,,,Postulado,Más de 30 días,+ 100 candidatos postulados,https://ar.computrabajo.com/ofertas-de-trabajo/oferta-de-trabajo-de-operarios-de-carga-y-descarga-en-la-paternal-383BA53F97756A2561373E686DCF3405
Operarios/as de Carga y Descarga,,,,Postulado,Más de 30 días,+ 100 candidatos postulados,https://ar.computrabajo.com/ofertas-de-trabajo/oferta-de-trabajo-de-operariosas-de-carga-y-descarga-1-mes-en-retiro-03FE13DA3C3FF76161373E686DCF3405
Operarias/os ( con habilidad manual),,,,Proceso finalizado,Más de 30 días,+ 100 candidatos postulados,https://ar.computrabajo.com/ofertas-de-trabajo/oferta-de-trabajo-de-operariasos-con-habilidad-manual-z-chacarita-en-chacarita-6C6191214ACA9DE661373E686DCF3405
Operaria de Envasado y Llenado,,,,Postulado,Más de 30 días,+ 100 candidatos postulados,https://ar.computrabajo.com/ofertas-de-trabajo/oferta-de-trabajo-de-operaria-de-envasado-y-llenado-caba-en-chacarita-8E4E9F302F59F36E61373E686DCF3405
Operario de Laboratorio para Sector de Calidad,,,,Postulado,Más de 30 días,+ 100 candidatos postulados,https://ar.computrabajo.com/ofertas-de-trabajo/oferta-de-trabajo-de-operario-de-laboratorio-para-sector-de-calidad-zona-caba-en-recoleta-8668B799FE1BC33C61373E686DCF3405
Operario/a de Laboratorio para Sector de Calidad,,,,Postulado,Más de 30 días,+ 100 candidatos postulados,https://ar.computrabajo.com/ofertas-de-trabajo/oferta-de-trabajo-de-operarioa-de-laboratorio-para-sector-de-calidad-en-recoleta-CAE311DF6D7AB02A61373E686DCF3405
Operaria de laboratorio zona Almagro,,,,Postulado,Más de 30 días,+ 100 candidatos postulados,https://ar.computrabajo.com/ofertas-de-trabajo/oferta-de-trabajo-de-operaria-de-laboratorio-zona-almagro-turnos-rotativos-manana-y-tarde-en-almagro-6679707187AC016061373E686DCF3405
Operario de Produccion,,,,Postulado,Más de 30 días,+ 100 candidatos postulados,https://ar.computrabajo.com/ofertas-de-trabajo/oferta-de-trabajo-de-operario-de-produccion-experiencia-en-pesaje-exluyente-en-villa-del-parque-24F1258E14727AF661373E686DCF3405
Operario de produccion con experiencia en empresas alimenticias,,,,Postulado,Más de 30 días,+ 100 candidatos postulados,https://ar.computrabajo.com/ofertas-de-trabajo/oferta-de-trabajo-de-operario-de-produccion-con-experiencia-en-empresas-alimenticias-nueva-pompeya-en-nueva-pompeya-BAB4FC1ABAFC94A961373E686DCF3405
Operarios/as de producción zona Barracas,,,,Postulado,Más de 30 días,+ 100 candidatos postulados,https://ar.computrabajo.com/ofertas-de-trabajo/oferta-de-trabajo-de-operariosas-de-produccion-zona-barracas-en-barracas-5000390819283F6461373E686DCF3405
Operarios para depósito para trabajar en forma semanal,,,,Postulado,Más de 30 días,+ 100 candidatos postulados,https://ar.computrabajo.com/ofertas-de-trabajo/oferta-de-trabajo-de-operarios-para-deposito-para-trabajar-en-forma-semanal-son-mensuales-turno-fijo-en-villa-soldati-95FB48124F7B043C61373E686DCF3405
Operario de Deposito,,,,Postulado,Más de 30 días,+ 100 candidatos postulados,https://ar.computrabajo.com/ofertas-de-trabajo/oferta-de-trabajo-de-operario-de-deposito-eventual-por-convocatoria-en-belgrano-BA19FD2518C5C9E561373E686DCF3405
Encargado de Deposito y Logistica,,,,Postulado,Más de 30 días,+ 100 candidatos postulados,https://ar.computrabajo.com/ofertas-de-trabajo/oferta-de-trabajo-de-encargado-de-deposito-y-logistica-en-villa-pueyrredon-0C1983EE631316DD61373E686DCF3405
Aux. de Depósito.,,,,Postulado,Más de 30 días,+ 100 candidatos postulados,https://ar.computrabajo.com/ofertas-de-trabajo/oferta-de-trabajo-de-aux-de-deposito-con-experiencia-en-la-paternal-506F56C8E03149D261373E686DCF3405
"Operario de deposito, armado de pedidos",,,,En proceso,Más de 30 días,+ 100 candidatos postulados,https://ar.computrabajo.com/ofertas-de-trabajo/oferta-de-trabajo-de-operario-de-deposito-armado-de-pedidos-picker-jugueterias-educando-paternal-en-la-paternal-17B467FCC4522F1461373E686DCF3405
Acompañante de chófer  por convocatoria,,,,Postulado,Más de 30 días,+ 100 candidatos postulados,https://ar.computrabajo.com/ofertas-de-trabajo/oferta-de-trabajo-de-acompanante-de-chofer-por-convocatoria-parque-avellaneda-en-parque-avellaneda-335B7C2FA098109061373E686DCF3405
Peones de carga y descarga,,,,Postulado,Más de 30 días,+ 100 candidatos postulados,https://ar.computrabajo.com/ofertas-de-trabajo/oferta-de-trabajo-de-peones-de-carga-y-descarga-en-recoleta-14BDA4EB29187C5561373E686DCF3405
Personal para carga y descarga,,,,Postulado,Más de 30 días,+ 100 candidatos postulados,https://ar.computrabajo.com/ofertas-de-trabajo/oferta-de-trabajo-de-personal-para-carga-y-descarga-zona-retiro-en-retiro-4E4A87E680D412F261373E686DCF3405
Personal para carga y descarga,Grupo Gestión,"4,1","Retiro, Capital Federal",En proceso,Más de 30 días,+ 100 candidatos postulados,https://ar.computrabajo.com/ofertas-de-trabajo/oferta-de-trabajo-de-personal-para-carga-y-descarga-zona-retiro-en-retiro-6AFACBBF8B9EC3CA61373E686DCF3405
Operarios Carga y descarga por convocatoria con Botines,,,,Postulado,Más de 30 días,+ 100 candidatos postulados,https://ar.computrabajo.com/ofertas-de-trabajo/oferta-de-trabajo-de-operarios-carga-y-descarga-por-convocatoria-con-botines-zona-floresta-en-floresta-7A67350DA48FFF7361373E686DCF3405
Operario de Logística,,,,Postulado,Más de 30 días,+ 100 candidatos postulados,https://ar.computrabajo.com/ofertas-de-trabajo/oferta-de-trabajo-de-operario-de-logistica-part-time-en-mataderos-E499B35146BD666E61373E686DCF3405
Operario de Depósito C/ experiencia en Logística,,,,Postulado,Más de 30 días,+ 100 candidatos postulados,https://ar.computrabajo.com/ofertas-de-trabajo/oferta-de-trabajo-de-operario-de-deposito-c-experiencia-en-logistica-part-time-en-mataderos-BCE1F94FD43ED8AA61373E686DCF3405
Operarios/as de logistica con manejo de Excel / Villa Soldati (CABA),,,,Postulado,Más de 30 días,+ 100 candidatos postulados,https://ar.computrabajo.com/ofertas-de-trabajo/oferta-de-trabajo-de-operariosas-de-logistica-con-manejo-de-excel-villa-soldati-caba-en-villa-soldati-6A1C5D31C4BB8E0961373E686DCF3405
Operarios/as de Logística con Certificado de Antecedentes Penales Zona Avellaneda,,,,Postulado,Más de 30 días,+ 100 candidatos postulados,https://ar.computrabajo.com/ofertas-de-trabajo/oferta-de-trabajo-de-operariosas-de-logistica-con-certificado-de-antecedentes-penales-zona-avellaneda-en-villa-soldati-F4B5468BFA032A6E61373E686DCF3405
Operarios eventuales de Logística con Certificado de Antecedentes Penales Villa Soldati,,,,Postulado,Más de 30 días,+ 100 candidatos postulados,https://ar.computrabajo.com/ofertas-de-trabajo/oferta-de-trabajo-de-operarios-eventuales-de-logistica-con-certificado-de-antecedentes-penales-villa-soldati-en-villa-soldati-8CAB65BC73217F6E61373E686DCF3405
Operarios de deposito eventual,,,,Postulado,Más de 30 días,+ 100 candidatos postulados,https://ar.computrabajo.com/ofertas-de-trabajo/oferta-de-trabajo-de-operarios-de-deposito-eventual-zona-villa-soldati-en-villa-soldati-D61BEEE1F400700861373E686DCF3405
Operarios de Depósito por convocatoria (Eventual) Villa Soldati (req203646),,,,Postulado,Más de 30 días,+ 100 candidatos postulados,https://ar.computrabajo.com/ofertas-de-trabajo/oferta-de-trabajo-de-operarios-de-deposito-por-convocatoria-eventual-villa-soldati-req203646-en-villa-soldati-ACD1BA4B3F07C59361373E686DCF3405
Operarios logisticos,,,,Postulado,Más de 30 días,+ 100 candidatos postulados,https://ar.computrabajo.com/ofertas-de-trabajo/oferta-de-trabajo-de-operarios-logisticos-villa-soldati-en-villa-soldati-F6945ADFDEA6D19E61373E686DCF3405
Operarios de deposito,,,,Postulado,Más de 30 días,+ 100 candidatos postulados,https://ar.computrabajo.com/ofertas-de-trabajo/oferta-de-trabajo-de-operarios-de-deposito-zona-villa-soldati-en-villa-soldati-6EC71C324E7DABDE61373E686DCF3405
100 Operarios para depósito para trabajar en forma discontinua,Grupo Servicemen,"4,0","Villa Soldati, Capital Federal",Postulado,Más de 30 días,+ 100 candidatos postulados,https://ar.computrabajo.com/ofertas-de-trabajo/oferta-de-trabajo-de-100-operarios-para-deposito-para-trabajar-en-forma-discontinua-son-jornaleros-turno-tarde-en-villa-soldati-661B90BDB10382EE61373E686DCF3405
Operario de Logística,,,,Postulado,Más de 30 días,+ 100 candidatos postulados,https://ar.computrabajo.com/ofertas-de-trabajo/oferta-de-trabajo-de-operario-de-logistica-part-time-en-mataderos-E499B35146BD666E61373E686DCF3405
Operario de Depósito C/ experiencia en Logística,,,,Postulado,Más de 30 días,+ 100 candidatos postulados,https://ar.computrabajo.com/ofertas-de-trabajo/oferta-de-trabajo-de-operario-de-deposito-c-experiencia-en-logistica-part-time-en-mataderos-BCE1F94FD43ED8AA61373E686DCF3405
Operarios/as de logistica con manejo de Excel / Villa Soldati (CABA),,,,Postulado,Más de 30 días,+ 100 candidatos postulados,https://ar.computrabajo.com/ofertas-de-trabajo/oferta-de-trabajo-de-operariosas-de-logistica-con-manejo-de-excel-villa-soldati-caba-en-villa-soldati-6A1C5D31C4BB8E0961373E686DCF3405
Operarios/as de Logística con Certificado de Antecedentes Penales Zona Avellaneda,,,,Postulado,Más de 30 días,+ 100 candidatos postulados,https://ar.computrabajo.com/ofertas-de-trabajo/oferta-de-trabajo-de-operariosas-de-logistica-con-certificado-de-antecedentes-penales-zona-avellaneda-en-villa-soldati-F4B5468BFA032A6E61373E686DCF3405
Operarios eventuales de Logística con Certificado de Antecedentes Penales Villa Soldati,,,,Postulado,Más de 30 días,+ 100 candidatos postulados,https://ar.computrabajo.com/ofertas-de-trabajo/oferta-de-trabajo-de-operarios-eventuales-de-logistica-con-certificado-de-antecedentes-penales-villa-soldati-en-villa-soldati-8CAB65BC73217F6E61373E686DCF3405
Operarios de deposito eventual,,,,Postulado,Más de 30 días,+ 100 candidatos postulados,https://ar.computrabajo.com/ofertas-de-trabajo/oferta-de-trabajo-de-operarios-de-deposito-eventual-zona-villa-soldati-en-villa-soldati-D61BEEE1F400700861373E686DCF3405
Operarios de Depósito por convocatoria (Eventual) Villa Soldati (req203646),,,,Postulado,Más de 30 días,+ 100 candidatos postulados,https://ar.computrabajo.com/ofertas-de-trabajo/oferta-de-trabajo-de-operarios-de-deposito-por-convocatoria-eventual-villa-soldati-req203646-en-villa-soldati-ACD1BA4B3F07C59361373E686DCF3405
Operarios logisticos,,,,Postulado,Más de 30 días,+ 100 candidatos postulados,https://ar.computrabajo.com/ofertas-de-trabajo/oferta-de-trabajo-de-operarios-logisticos-villa-soldati-en-villa-soldati-F6945ADFDEA6D19E61373E686DCF3405
Operarios de deposito,,,,Postulado,Más de 30 días,+ 100 candidatos postulados,https://ar.computrabajo.com/ofertas-de-trabajo/oferta-de-trabajo-de-operarios-de-deposito-zona-villa-soldati-en-villa-soldati-6EC71C324E7DABDE61373E686DCF3405
100 Operarios para depósito para trabajar en forma discontinua,Grupo Servicemen,"4,0","Villa Soldati, Capital Federal",Postulado,Más de 30 días,+ 100 candidatos postulados,https://ar.computrabajo.com/ofertas-de-trabajo/oferta-de-trabajo-de-100-operarios-para-deposito-para-trabajar-en-forma-discontinua-son-jornaleros-turno-tarde-en-villa-soldati-661B90BDB10382EE61373E686DCF3405
Operario de logistica,,,,Postulado,Más de 30 días,+ 100 candidatos postulados,https://ar.computrabajo.com/ofertas-de-trabajo/oferta-de-trabajo-de-operario-de-logistica-en-mataderos-394C90C23407131E61373E686DCF3405
Operario de Logística en Palermo,,,,Postulado,Más de 30 días,+ 100 candidatos postulados,https://ar.computrabajo.com/ofertas-de-trabajo/oferta-de-trabajo-de-operario-de-logistica-en-palermo-en-palermo-E9EBE19BDF6DEEE161373E686DCF3405
Operario de Logística,,,,Postulado,Más de 30 días,+ 100 candidatos postulados,https://ar.computrabajo.com/ofertas-de-trabajo/oferta-de-trabajo-de-operario-de-logistica-villa-urquiza-caba-en-villa-urquiza-FB78E74570360E3C61373E686DCF3405
Operario de deposito,,,,Postulado,Más de 30 días,+ 100 candidatos postulados,https://ar.computrabajo.com/ofertas-de-trabajo/oferta-de-trabajo-de-operario-de-deposito-zona-martinez-en-martinez-D4122E9A55FA3B6461373E686DCF3405
Operario/a de Depósito,,,,CV Visto,Más de 30 días,+ 100 candidatos postulados,https://ar.computrabajo.com/ofertas-de-trabajo/oferta-de-trabajo-de-operarioa-de-deposito-con-experiencia-en-martinez-709E167B5B2288F961373E686DCF3405
operario/a de depósito,,,,Postulado,Más de 30 días,+ 100 candidatos postulados,https://ar.computrabajo.com/ofertas-de-trabajo/oferta-de-trabajo-de-operarioa-de-deposito-en-valentin-alsina-32FCDF3EF719C29261373E686DCF3405
Operador/a Logístico Req 203675 Permanente,,,,Postulado,Más de 30 días,+ 100 candidatos postulados,https://ar.computrabajo.com/ofertas-de-trabajo/oferta-de-trabajo-de-operadora-logistico-req-203675-permanente-en-pineiro-D309435BB4FD37EB61373E686DCF3405
Operador de Procesos Logísticos,,,,Postulado,Más de 30 días,+ 100 candidatos postulados,https://ar.computrabajo.com/ofertas-de-trabajo/oferta-de-trabajo-de-operador-de-procesos-logisticos-jornada-reducida-caba-en-parque-avellaneda-5FB0416C4DCC303161373E686DCF3405
Operario de Deposito con manejo de autoelevador y carnet(req203044)  Eventual,,,,Proceso finalizado,Más de 30 días,+ 100 candidatos postulados,https://ar.computrabajo.com/ofertas-de-trabajo/oferta-de-trabajo-de-operario-de-deposito-con-manejo-de-autoelevador-y-carnetreq203044-eventual-en-retiro-BEF1AD4AAB6C6AD261373E686DCF3405
Operario de Logística / Depósito con registro,,,,Proceso finalizado,Más de 30 días,+ 100 candidatos postulados,https://ar.computrabajo.com/ofertas-de-trabajo/oferta-de-trabajo-de-operario-de-logistica-deposito-con-registro-obligatorio-registro-para-manejo-de-zorra electrica  y autoelevador-en-villa-devoto-528DC9F7BE90C14261373E686DCF3405
Operario de producción,CGH Consultora,,"Tortuguitas, Buenos Aires-GBA",Postulado,Más de 30 días,+ 100 candidatos postulados,https://ar.computrabajo.com/ofertas-de-trabajo/oferta-de-trabajo-de-operario-de-produccion-industria-quimica-en-tortuguitas-B39767FCC4C21FFA61373E686DCF3405
operario/a de producción,,,,Proceso finalizado,Más de 30 días,+ 100 candidatos postulados,https://ar.computrabajo.com/ofertas-de-trabajo/oferta-de-trabajo-de-operarioa-de-produccion-en-jose-c-paz-D12491595FA1B61D61373E686DCF3405
Operario,GONCALVES CARDANTE LUCAS MANUEL,,"José C. Paz, Buenos Aires-GBA",Postulado,Más de 30 días,+ 100 candidatos postulados,https://ar.computrabajo.com/ofertas-de-trabajo/oferta-de-trabajo-de-operario-heladeras-comerciales-en-jose-c-paz-A32B03459E429FE461373E686DCF3405
Operario de planta,,,,Postulado,Más de 30 días,+ 100 candidatos postulados,https://ar.computrabajo.com/ofertas-de-trabajo/oferta-de-trabajo-de-operario-de-planta-industria-en-san-martin-CE77E80A0B1038C161373E686DCF3405
Operario de Produccion,,,,Postulado,Más de 30 días,+ 100 candidatos postulados,https://ar.computrabajo.com/ofertas-de-trabajo/oferta-de-trabajo-de-operario-de-produccion-para-empresa-metalurgica-en-la-tablada-EB7AF54D941FAC0761373E686DCF3405
Operarios para fábrica de galletitas,,,,En proceso,Más de 30 días,+ 100 candidatos postulados,https://ar.computrabajo.com/ofertas-de-trabajo/oferta-de-trabajo-de-operarios-para-fabrica-de-galletitas-mataderos-caba-en-mataderos-3282DF552F70A40F61373E686DCF3405
Auxiliar Operativo,,,,Postulado,Más de 30 días,+ 100 candidatos postulados,https://ar.computrabajo.com/ofertas-de-trabajo/oferta-de-trabajo-de-auxiliar-operativo-mataderos-caba-en-mataderos-F45BA8A3F807180361373E686DCF3405
Operario de depósito,,,,Postulado,Más de 30 días,+ 100 candidatos postulados,https://ar.computrabajo.com/ofertas-de-trabajo/oferta-de-trabajo-de-operario-de-deposito-en-villa-luro-91BF7DE801FC454361373E686DCF3405
Operario de Depósito con Manejo de MeLi  y Atención al cliente,,,,Postulado,Más de 30 días,+ 100 candidatos postulados,https://ar.computrabajo.com/ofertas-de-trabajo/oferta-de-trabajo-de-operario-de-deposito-con-manejo-de-meli-y-atencion-al-cliente-villa-devoto-caba-en-villa-devoto-F146AC7D60CD59C861373E686DCF3405
Operario de Deposito / Villa Devoto /,,,,Postulado,Más de 30 días,+ 100 candidatos postulados,https://ar.computrabajo.com/ofertas-de-trabajo/oferta-de-trabajo-de-operario-de-deposito-villa-devoto--experiencia-en-ecommerce-excluyente-en-villa-devoto-524AC44372C27BB761373E686DCF3405
Operario de produccion y reetiquetado,,,,Postulado,Más de 30 días,+ 100 candidatos postulados,https://ar.computrabajo.com/ofertas-de-trabajo/oferta-de-trabajo-de-operario-de-produccion-y-reetiquetado-caseros-en-caseros-858561304BC6CAB461373E686DCF3405
Operario/a,,,,Postulado,Más de 30 días,+ 100 candidatos postulados,https://ar.computrabajo.com/ofertas-de-trabajo/oferta-de-trabajo-de-operarioa-turnos-rotativos-en-3-de-febrero-074BEC83270447AE61373E686DCF3405
operario/a,FARANNA LARDAPIDE YAMILA,,"Chacarita, Capital Federal",Postulado,Más de 30 días,+ 100 candidatos postulados,https://ar.computrabajo.com/ofertas-de-trabajo/oferta-de-trabajo-de-operarioa-operario-para-industria-metalmecanica-en-chacarita-FCB9588FF057EE7D61373E686DCF3405
"553BE Operarios de produccion continua, experiencia excluyente en industria alimenticia",,,,Postulado,Más de 30 días,+ 100 candidatos postulados,https://ar.computrabajo.com/ofertas-de-trabajo/oferta-de-trabajo-de-553be-operarios-de-produccion-continua-experiencia-excluyente-en-industria-alimenticia-capital-federal-buenos-aires-en-belgrano-BD90DBF8DCE3B75361373E686DCF3405
Operarios/as de produccion alimenticia zona Almagro,,,,CV Visto,Más de 30 días,+ 100 candidatos postulados,https://ar.computrabajo.com/ofertas-de-trabajo/oferta-de-trabajo-de-operariosas-de-produccion-alimenticia-zona-almagro-turnos-rotativos-manana-y-tarde-en-almagro-A548546B95A20D1661373E686DCF3405
Operario/a de producción,,,,Proceso finalizado,Más de 30 días,+ 100 candidatos postulados,https://ar.computrabajo.com/ofertas-de-trabajo/oferta-de-trabajo-de-operarioa-de-produccion-mataderos-en-mataderos-2D444B1A51DDFE3361373E686DCF3405
"Operario/a para tareas de etiquetado, eventual",,,,Postulado,Más de 30 días,+ 100 candidatos postulados,https://ar.computrabajo.com/ofertas-de-trabajo/oferta-de-trabajo-de-operarioa-para-tareas-de-etiquetado-eventual-en-la-paternal-4C06EE81DEAAD0D461373E686DCF3405
Operarios de producción alimenticia,,,,Postulado,Más de 30 días,+ 100 candidatos postulados,https://ar.computrabajo.com/ofertas-de-trabajo/oferta-de-trabajo-de-operarios-de-produccion-alimenticia-chacarita-caba-en-chacarita-227E53496BBF265961373E686DCF3405
Operario alimenticio / CABA / Eventual,,,,CV Visto,Más de 30 días,+ 100 candidatos postulados,https://ar.computrabajo.com/ofertas-de-trabajo/oferta-de-trabajo-de-operario-alimenticio-caba-eventual-en-chacarita-2F19D0D4387EA2F961373E686DCF3405
Operarias/os ( con habilidad manual) unicamente  Turno Tarde,Grupo Servicemen,"4,0","Chacarita, Capital Federal",CV Visto,Más de 30 días,+ 100 candidatos postulados,https://ar.computrabajo.com/ofertas-de-trabajo/oferta-de-trabajo-de-operariasos-con-habilidad-manual-unicamente-turno-tarde-z-chacarita-en-chacarita-D2AE714C74039BAF61373E686DCF3405
Data operator,TRC Logistics LLC,,"La Plata, Buenos Aires",Postulado,1 de mayo,+ 100 candidatos postulados,https://ar.computrabajo.com/ofertas-de-trabajo/oferta-de-trabajo-de-data-operator-part-time-remote-en-la-plata-267783406B5F0C4E61373E686DCF3405
Operario de Depósito / Eventual / La Plata,Ceta Capital Humano,"3,6","La Plata, Buenos Aires",Postulado,1 de mayo,+ 100 candidatos postulados,https://ar.computrabajo.com/ofertas-de-trabajo/oferta-de-trabajo-de-operario-de-deposito-eventual-la-plata-en-la-plata-8D6B948F378846E961373E686DCF3405
Armadores de Pedidos/Operarios de Picking,,,,Postulado,1 de mayo,+ 100 candidatos postulados,https://ar.computrabajo.com/ofertas-de-trabajo/oferta-de-trabajo-de-armadores-de-pedidosoperarios-de-picking-la-plata-en-la-plata-5615E9EF5B0B76FB61373E686DCF3405
Data Entry,Yel Solutions,"4,1","Balvanera, Capital Federal",Postulado,Más de 30 días,+ 100 candidatos postulados,https://ar.computrabajo.com/ofertas-de-trabajo/oferta-de-trabajo-de-data-entry-en-balvanera-23B80207F405784761373E686DCF3405
Pickers (Repositores/Armadores de pedido),,,,Postulado,Más de 30 días,+ 100 candidatos postulados,https://ar.computrabajo.com/ofertas-de-trabajo/oferta-de-trabajo-de-pickers-repositoresarmadores-de-pedido-city-bell-en-la-plata-76EE40EB0188BE2E61373E686DCF3405
Asesor Comercial Alquileres La Plata,Yacoub Real Estate,,"La Plata, Buenos Aires",CV Visto,Más de 30 días,+ 100 candidatos postulados,https://ar.computrabajo.com/ofertas-de-trabajo/oferta-de-trabajo-de-asesor-comercial-alquileres-la-plata-en-la-plata-927E9BAD4B8BE4C561373E686DCF3405
Encargado de Pañol,BRANDIVIN S.A.,"4,2","La Plata, Buenos Aires",Proceso finalizado,Más de 30 días,+ 100 candidatos postulados,https://ar.computrabajo.com/ofertas-de-trabajo/oferta-de-trabajo-de-encargado-de-panol-zona-la-plata-en-la-plata-5F9DCCEA8426099861373E686DCF3405
Back office comunicacion digital,,,,Postulado,Más de 30 días,+ 100 candidatos postulados,https://ar.computrabajo.com/ofertas-de-trabajo/oferta-de-trabajo-de-back-office-comunicacion-digital-en-nunez-8ECD383B5E7B740961373E686DCF3405
Operario  para control de calidad,,,,No seleccionado,Más de 30 días,+ 100 candidatos postulados,https://ar.computrabajo.com/ofertas-de-trabajo/oferta-de-trabajo-de-operario-para-control-de-calidad-en-la-plata-A40A8D25C7CAB05B61373E686DCF3405
Operario de Carga y Descarga Eventual La Plata,ManpowerGroup,"4,3","La Plata, Buenos Aires",Postulado,Más de 30 días,+ 100 candidatos postulados,https://ar.computrabajo.com/ofertas-de-trabajo/oferta-de-trabajo-de-operario-de-carga-y-descarga-eventual-la-plata-en-la-plata-51E2E32D94CE449261373E686DCF3405
Deskside Support Analyst,Importante empresa del sector,,"Monserrat, Capital Federal",Postulado,7 de mayo,+ 100 candidatos postulados,https://ar.computrabajo.com/ofertas-de-trabajo/oferta-de-trabajo-de-deskside-support-analyst-ingles-excluyente-en-monserrat-72794B33697BF5A661373E686DCF3405
Mesa de Ayuda/Help Desk/Service Desk IT JR CABA Zona Microcentro/Híbrido 4 remotos/ L a V 9 a 18 hs,,,,Postulado,7 de mayo,+ 100 candidatos postulados,https://ar.computrabajo.com/ofertas-de-trabajo/oferta-de-trabajo-de-mesa-de-ayudahelp-deskservice-desk-it-jr-caba-zona-microcentrohibrido-4-remotos-l-a-v-9-a-18-hs-en-monserrat-19774765350FF1EC61373E686DCF3405
Ref. 21216: Soporte Tecnico Jr,ADN - Recursos Humanos,"3,5","Belgrano, Capital Federal",Postulado,7 de mayo,+ 100 candidatos postulados,https://ar.computrabajo.com/ofertas-de-trabajo/oferta-de-trabajo-de-ref-21216-soporte-tecnico-jr-belgrano-caba-en-belgrano-50B41DDB6143610361373E686DCF3405
Analista Soporte Técnico IT,,,,Postulado,7 de mayo,+ 100 candidatos postulados,https://ar.computrabajo.com/ofertas-de-trabajo/oferta-de-trabajo-de-analista-soporte-tecnico-it-para-planta-industrial-en-caba-zona-costanera-en-retiro-F4AE8E4BEDC6499361373E686DCF3405
Operarios/as eventuales de Logística con Certificado de Antecedentes Penales Barracas,,,,En proceso,Hace  3  días,+ 100 candidatos postulados,https://ar.computrabajo.com/ofertas-de-trabajo/oferta-de-trabajo-de-operariosas-eventuales-de-logistica-con-certificado-de-antecedentes-penales-barracas-en-barracas-FAEAF40B8603485661373E686DCF3405
Operarios Logisticos con Botines Propios,Adecco Argentina S.A.,"4,3","Retiro, Capital Federal",Postulado,5 de mayo,+ 100 candidatos postulados,https://ar.computrabajo.com/ofertas-de-trabajo/oferta-de-trabajo-de-operarios-logisticos-con-botines-propios-zona-villa-soldati-en-retiro-5B60CFF6AB54473661373E686DCF3405
Operarios/as eventuales de Logistica/ Parque Patricios (CABA),Adecco Argentina S.A.,"4,3","Parque Patricios, Capital Federal",Postulado,5 de mayo,+ 100 candidatos postulados,https://ar.computrabajo.com/ofertas-de-trabajo/oferta-de-trabajo-de-operariosas-eventuales-de-logistica-parque-patricios-caba-en-parque-patricios-2A5456A99A249F8B61373E686DCF3405
Operador de Cobranzas,EA Capital Humano Tucumán,,"La Plata, Buenos Aires",Proceso finalizado,11 de mayo,+ 100 candidatos postulados,https://ar.computrabajo.com/ofertas-de-trabajo/oferta-de-trabajo-de-operador-de-cobranzas-contact-center-en-la-plata-4F69DDFED5C4192661373E686DCF3405
"Operario/a metalúrgico/a sector laminación. Zona Abasto, La Plata",Grupo Gestión,"4,1","La Plata, Buenos Aires",Postulado,5 de mayo,+ 100 candidatos postulados,https://ar.computrabajo.com/ofertas-de-trabajo/oferta-de-trabajo-de-operarioa-metalurgicoa-sector-laminacion-zona-abasto-la-plata-en-la-plata-BC93E5D395C61EF561373E686DCF3405
Pickers eventuales Hot Sale para supermercado en La Plata,Grupo Gestión,"4,1","La Plata, Buenos Aires",Postulado,4 de mayo,+ 100 candidatos postulados,https://ar.computrabajo.com/ofertas-de-trabajo/oferta-de-trabajo-de-pickers-eventuales-hot-sale-para-supermercado-en-la-plata-ingreso-inmediato-en-la-plata-182B34F40426898F61373E686DCF3405
Ref. 20927 Soporte Técnico IT / Balvanera CABA,,,,CV Visto,22 de mayo,+ 100 candidatos postulados,https://ar.computrabajo.com/ofertas-de-trabajo/oferta-de-trabajo-de-ref-20927-soporte-tecnico-it-balvanera-caba-en-balvanera-5E7A4EFF7F69BAC061373E686DCF3405
Especialista Técnico en Infraestructura IT,,,,CV Visto,17 de mayo,+ 100 candidatos postulados,https://ar.computrabajo.com/ofertas-de-trabajo/oferta-de-trabajo-de-especialista-tecnico-en-infraestructura-it-para-infraestructura-y-soporte-de-alta-complejidad-en-retiro-87B894C3FF40270661373E686DCF3405
Soporte L1/2 Infraestructura,CONEXION HR,,"Retiro, Capital Federal",Postulado,16 de mayo,+ 100 candidatos postulados,https://ar.computrabajo.com/ofertas-de-trabajo/oferta-de-trabajo-de-soporte-l12-infraestructura-en-retiro-CF3D768C99A170D761373E686DCF3405
Técnico IT Semi Senior,TECNORRHH,,"Belgrano, Capital Federal",Postulado,16 de mayo,+ 100 candidatos postulados,https://ar.computrabajo.com/ofertas-de-trabajo/oferta-de-trabajo-de-tecnico-it-semi-senior-soporte-presencial-campo-en-belgrano-0B9B898D0225D6FD61373E686DCF3405
Field Support IT Soporte Tecnico Informatico SSR  CABA Presencial / Esquema 2 x 2 de 8 a 20 hs,Yel Solutions,"4,1","Monserrat, Capital Federal",Postulado,16 de mayo,+ 100 candidatos postulados,https://ar.computrabajo.com/ofertas-de-trabajo/oferta-de-trabajo-de-field-support-it-soporte-tecnico-informatico-ssr-caba-presencial-esquema-2-x-2-de-8-a-20-hs-en-monserrat-E2E406EFC5F79F5961373E686DCF3405
Soporte tècnico,Sonda,"4,1","San Telmo, Capital Federal",Postulado,16 de mayo,+ 100 candidatos postulados,https://ar.computrabajo.com/ofertas-de-trabajo/oferta-de-trabajo-de-soporte-tecnico-ssr-en-san-telmo-en-san-telmo-0D2E2EF9166786AC61373E686DCF3405
Ref. 21216: Analista de Soporte Jr. / Belgrano CABA,ADN - Recursos Humanos,"3,5","Belgrano, Capital Federal",Postulado,16 de mayo,+ 100 candidatos postulados,https://ar.computrabajo.com/ofertas-de-trabajo/oferta-de-trabajo-de-ref-21216-analista-de-soporte-jr-belgrano-caba-en-belgrano-387DE6CD3EAB1C5261373E686DCF3405
Soporte Técnico Nivel 1 Help Desk telefónico,Link Solution,,"Belgrano, Capital Federal",Postulado,16 de mayo,+ 100 candidatos postulados,https://ar.computrabajo.com/ofertas-de-trabajo/oferta-de-trabajo-de-soporte-tecnico-nivel-1-help-desk-telefonico-zona-nunez-caba-en-belgrano-E50FE76D31505AD861373E686DCF3405
Operarios de deposito por convocatoria La Plata de 05 a 13 hs,Ceta Capital Humano,"3,6","La Plata, Buenos Aires",Postulado,15 de mayo,+ 100 candidatos postulados,https://ar.computrabajo.com/ofertas-de-trabajo/oferta-de-trabajo-de-operarios-de-deposito-por-convocatoria-la-plata-de-05-a-13-hs-en-la-plata-E69F453E7193C4F861373E686DCF3405
Mesa de Ayuda/Help Desk/Service Desk IT JR CABA Zona Microcentro/Híbrido 4 remotos/ L a V 8 a 17 hs,Yel Solutions,"4,1","Monserrat, Capital Federal",Postulado,11 de mayo,+ 100 candidatos postulados,https://ar.computrabajo.com/ofertas-de-trabajo/oferta-de-trabajo-de-mesa-de-ayudahelp-deskservice-desk-it-jr-caba-zona-microcentrohibrido-4-remotos-l-a-v-8-a-17-hs-en-monserrat-7F4B84DF74ED2D2B61373E686DCF3405
Soporte Técnico Senior,Nibble Information SRL,,"Villa Crespo, Capital Federal",CV Visto,21 de mayo,+ 100 candidatos postulados,https://ar.computrabajo.com/ofertas-de-trabajo/oferta-de-trabajo-de-soporte-tecnico-senior-en-villa-crespo-05F87A9859F0C96561373E686DCF3405
Soporte IT / Soporte Técnico de Sistemas ERP,MJ Consultora RH,,"Olivos, Buenos Aires-GBA",Proceso finalizado,18 de mayo,+ 100 candidatos postulados,https://ar.computrabajo.com/ofertas-de-trabajo/oferta-de-trabajo-de-soporte-it-soporte-tecnico-de-sistemas-erp-en-olivos-12A993C2947474CD61373E686DCF3405
¡Estamos buscando Técnico/a Junior en IT!,BureauCorp,,"San Nicolás, Capital Federal",Postulado,16 de mayo,+ 100 candidatos postulados,https://ar.computrabajo.com/ofertas-de-trabajo/oferta-de-trabajo-de-estamos-buscando-tecnicoa-junior-en-it-resida-en-caba-en-san-nicolas-745200C4D21FA28761373E686DCF3405
Representante de Soporte Tecnico,Cat-Technologies,"4,0","San Nicolás, Capital Federal",En proceso,19 de mayo,+ 100 candidatos postulados,https://ar.computrabajo.com/ofertas-de-trabajo/oferta-de-trabajo-de-representante-de-soporte-tecnico-en-san-nicolas-D546166FC4346B8A61373E686DCF3405
Ref. 21216: Analista de Soporte Jr. / Belgrano CABA,ADN - Recursos Humanos,"3,5","Belgrano, Capital Federal",Proceso finalizado,20 de mayo,+ 100 candidatos postulados,https://ar.computrabajo.com/ofertas-de-trabajo/oferta-de-trabajo-de-ref-21216-analista-de-soporte-jr-belgrano-caba-en-belgrano-8FB3EDDF6D7A00F261373E686DCF3405
Soporte tecnico,Importante empresa del sector,,"Saavedra, Buenos Aires",Postulado,16 de mayo,+ 100 candidatos postulados,https://ar.computrabajo.com/ofertas-de-trabajo/oferta-de-trabajo-de-soporte-tecnico-para-mantenimiento-de-redes-y-pc-en-saavedra-07DD19457227C17161373E686DCF3405
Field Support IT Soporte Tecnico Informatico SR  CABA zona Retiro Presencial Horario Central,Yel Solutions,"4,1","Retiro, Capital Federal",Postulado,16 de mayo,+ 100 candidatos postulados,https://ar.computrabajo.com/ofertas-de-trabajo/oferta-de-trabajo-de-field-support-it-soporte-tecnico-informatico-sr-caba-zona-retiro-presencial-horario-central-en-retiro-D65BCB4480CBA6EC61373E686DCF3405
Analista Soporte Tecnico IT,ADMINTECH SRL,,"Palermo, Capital Federal",Postulado,16 de mayo,+ 100 candidatos postulados,https://ar.computrabajo.com/ofertas-de-trabajo/oferta-de-trabajo-de-analista-soporte-tecnico-it-palermo-capital-presencial-en-palermo-827CEB380D6600C661373E686DCF3405
Soportes IT,ARCHLATAM,"4,0","Monserrat, Capital Federal",Postulado,16 de mayo,+ 100 candidatos postulados,https://ar.computrabajo.com/ofertas-de-trabajo/oferta-de-trabajo-de-soportes-it-capital-federal-en-monserrat-84D40F8B60A601F561373E686DCF3405
Soporte IT e Infraestructura,TMT,"4,2","Belgrano, Capital Federal",Postulado,16 de mayo,+ 100 candidatos postulados,https://ar.computrabajo.com/ofertas-de-trabajo/oferta-de-trabajo-de-soporte-it-e-infraestructura-en-belgrano-D276583B36EEA78061373E686DCF3405
It Support Analyst  Jr Semi Sr,Grateful S.A.,,"Tortuguitas, Buenos Aires-GBA",Postulado,16 de mayo,+ 100 candidatos postulados,https://ar.computrabajo.com/ofertas-de-trabajo/oferta-de-trabajo-de-it-support-analyst-jr-semi-sr-turno-completo-en-tortuguitas-BF552AF028F4CA4161373E686DCF3405
Analista de Soporte Técnico IT,Tecnosop,,"Campana, Buenos Aires",Postulado,16 de mayo,+ 100 candidatos postulados,https://ar.computrabajo.com/ofertas-de-trabajo/oferta-de-trabajo-de-analista-de-soporte-tecnico-it-industria-energetica-en-campana-con-beneficios-en-campana-C3DD2765A3EC982561373E686DCF3405
Gestor de Procesos y Calidad de IT,Gestion Compartida,"4,2","Barracas, Capital Federal",Proceso finalizado,21 de mayo,+ 100 candidatos postulados,https://ar.computrabajo.com/ofertas-de-trabajo/oferta-de-trabajo-de-gestor-de-procesos-y-calidad-de-it-en-barracas-3CA519E7CE27AFBE61373E686DCF3405
Analista de Gestión de Accesos e identidades,,,,Postulado,16 de mayo,+ 100 candidatos postulados,https://ar.computrabajo.com/ofertas-de-trabajo/oferta-de-trabajo-de-analista-de-gestion-de-accesos-e-identidades-en-parque-patricios-05293E8527E6B17A61373E686DCF3405
Analista de Mesa de ayuda con exp. en Gestión de Accesos e identidades,Synchro Technologies S.A,,"Parque Patricios, Capital Federal",Postulado,16 de mayo,+ 100 candidatos postulados,https://ar.computrabajo.com/ofertas-de-trabajo/oferta-de-trabajo-de-analista-de-mesa-de-ayuda-con-exp-en-gestion-de-accesos-e-identidades-en-parque-patricios-E0DA965D8CBB5CD961373E686DCF3405
Coordinador de Soporte Técnico,Importante empresa del sector Salud,,"Belgrano, Capital Federal",Postulado,16 de mayo,+ 100 candidatos postulados,https://ar.computrabajo.com/ofertas-de-trabajo/oferta-de-trabajo-de-coordinador-de-soporte-tecnico-en-belgrano-794387B09ABCB6EC61373E686DCF3405
Help Desk,,,,Postulado,16 de mayo,+ 100 candidatos postulados,https://ar.computrabajo.com/ofertas-de-trabajo/oferta-de-trabajo-de-help-desk-puerto-madero-en-puerto-madero-5D7E4F73AC7C249061373E686DCF3405
Ref. 21216: Analista de Soporte Jr. / Belgrano CABA,ADN - Recursos Humanos,"3,5","Belgrano, Capital Federal",Proceso finalizado,18 de mayo,+ 100 candidatos postulados,https://ar.computrabajo.com/ofertas-de-trabajo/oferta-de-trabajo-de-ref-21216-analista-de-soporte-jr-belgrano-caba-en-belgrano-AF9193F7FD0B452961373E686DCF3405
Especialista de Soporte y Mantenimiento Técnico,FTL S.A,,"Parque Patricios, Capital Federal",CV Visto,18 de mayo,+ 100 candidatos postulados,https://ar.computrabajo.com/ofertas-de-trabajo/oferta-de-trabajo-de-especialista-de-soporte-y-mantenimiento-tecnico-en-parque-patricios-A2C44418C970ABE561373E686DCF3405
Soporte Tecnico Nivel 1,Importante empresa del sector,,"Retiro, Capital Federal",Postulado,16 de mayo,+ 100 candidatos postulados,https://ar.computrabajo.com/ofertas-de-trabajo/oferta-de-trabajo-de-soporte-tecnico-nivel-1-en-retiro-4064886CA216D3A961373E686DCF3405
Field Support IT Soporte Tecnico Informatico SSR /  Aeroparque / Distintas franjas horarias,Yel Solutions,"4,1","Palermo, Capital Federal",Postulado,Hace  2  días,+ 100 candidatos postulados,https://ar.computrabajo.com/ofertas-de-trabajo/oferta-de-trabajo-de-field-support-it-soporte-tecnico-informatico-ssr--aeroparque-distintas-franjas-horarias-en-palermo-2ADF749122AC831C61373E686DCF3405
Data Entry,Pullmen RRHH,"4,1","Villa Devoto, Capital Federal",Postulado,18 de mayo,+ 100 candidatos postulados,https://ar.computrabajo.com/ofertas-de-trabajo/oferta-de-trabajo-de-data-entry-villa-devoto-en-villa-devoto-FFF4E8D80FBEE53561373E686DCF3405
Ref. 21150: Administrador de Infraestructura y Operaciones IT / Híbrido CABA Centro,ADN - Recursos Humanos,"3,5","Monserrat, Capital Federal",Postulado,18 de mayo,+ 100 candidatos postulados,https://ar.computrabajo.com/ofertas-de-trabajo/oferta-de-trabajo-de-ref-21150-administrador-de-infraestructura-y-operaciones-it-hibrido-caba-centro-en-monserrat-4796821C3AA8EFD661373E686DCF3405
Soporte IT Semi Senior,AMERICA VIRTUAL S.A.,,"Retiro, Capital Federal",Postulado,18 de mayo,+ 100 candidatos postulados,https://ar.computrabajo.com/ofertas-de-trabajo/oferta-de-trabajo-de-soporte-it-semi-senior-en-retiro-3B4569839342B81A61373E686DCF3405
Ref. 21160: Soporte Tecnico / Ingles avanzado,ADN - Recursos Humanos,"3,5","Palermo, Capital Federal",Postulado,18 de mayo,+ 100 candidatos postulados,https://ar.computrabajo.com/ofertas-de-trabajo/oferta-de-trabajo-de-ref-21160-soporte-tecnico-ingles-avanzado-palermo-caba-en-palermo-91E38F418F576ED361373E686DCF3405
Ref. 20927 Soporte Técnico IT / Balvanera CABA,,,,CV Visto,19 de mayo,+ 100 candidatos postulados,https://ar.computrabajo.com/ofertas-de-trabajo/oferta-de-trabajo-de-ref-20927-soporte-tecnico-it-balvanera-caba-en-balvanera-F408AA3A7EB51BC161373E686DCF3405
Ref. 20927 Soporte Técnico IT / Balvanera CABA,,,,Postulado,18 de mayo,+ 100 candidatos postulados,https://ar.computrabajo.com/ofertas-de-trabajo/oferta-de-trabajo-de-ref-20927-soporte-tecnico-it-balvanera-caba-en-balvanera-9E526E23CD3CE33E61373E686DCF3405
Field Support IT Soporte Tecnico Informatico SSR / Back UP /Presencial / Horarios rotativos,Yel Solutions,"4,1","Monserrat, Capital Federal",Postulado,18 de mayo,+ 100 candidatos postulados,https://ar.computrabajo.com/ofertas-de-trabajo/oferta-de-trabajo-de-field-support-it-soporte-tecnico-informatico-ssr-back-up-presencial-horarios-rotativos-en-monserrat-888547C1D3E9E1F961373E686DCF3405
Ref. 21160: Soporte Técnico / Palermo CABA / Ingles Avanzado,ADN - Recursos Humanos,"3,5","Palermo, Capital Federal",Proceso finalizado,21 de mayo,+ 100 candidatos postulados,https://ar.computrabajo.com/ofertas-de-trabajo/oferta-de-trabajo-de-ref-21160-soporte-tecnico-palermo-caba-ingles-avanzado-en-palermo-D41E427FD3092A4161373E686DCF3405
Soporte Tecnico OT,Graal Solutions,,"Puerto Madero, Capital Federal",Postulado,16 de mayo,+ 100 candidatos postulados,https://ar.computrabajo.com/ofertas-de-trabajo/oferta-de-trabajo-de-soporte-tecnico-ot-para-planta-industrial-en-caba-zona-puerto-madero-en-puerto-madero-D433A32AC4D42B5661373E686DCF3405
Analista de Soporte IT Junior,Tucci,,"Martínez, Buenos Aires-GBA",Postulado,01-06-2026,,https://ar.computrabajo.com/ofertas-de-trabajo/oferta-de-trabajo-de-analista-de-soporte-it-junior-en-martinez-EF7A15FE875CBC6761373E686DCF3405#lc=ListOffers-Score4-13
Analista soporte técnico Onsite,Importante empresa del sector,,"Parque Patricios, Capital Federal",Postulado,Hace 2 horas,+ 100 candidatos postulados,https://ar.computrabajo.com/ofertas-de-trabajo/oferta-de-trabajo-de-analista-soporte-tecnico-onsite-caba-en-parque-patricios-57EF3C7137C02EBB61373E686DCF3405
Ref. 21270: Soporte Técnico IT / Balvanera CABA,ADN - Recursos Humanos,"3,5","Balvanera, Capital Federal",Postulado,Hace 2 horas,+ 100 candidatos postulados,https://ar.computrabajo.com/ofertas-de-trabajo/oferta-de-trabajo-de-ref-21270-soporte-tecnico-it-balvanera-caba-en-balvanera-733152C30E60A5A861373E686DCF3405
Representante de Soporte Técnico,Cat-Technologies,"4,0","San Nicolás, Capital Federal",Postulado,Hace 2 horas,+ 100 candidatos postulados,https://ar.computrabajo.com/ofertas-de-trabajo/oferta-de-trabajo-de-representante-de-soporte-tecnico-en-san-nicolas-6CA20DCAD7948D8361373E686DCF3405
Operador telefónico para Soporte Técnico,Cat-Technologies,"4,0","San Nicolás, Capital Federal",Postulado,Hace 2 horas,+ 100 candidatos postulados,https://ar.computrabajo.com/ofertas-de-trabajo/oferta-de-trabajo-de-operador-telefonico-para-soporte-tecnico-en-san-nicolas-371E350E03AC827A61373E686DCF3405
